{
   "$schema":"https://schema.management.azure.com/schemas/0.1.2-preview/CreateUIDefinition.MultiVm.json#",
   "handler":"Microsoft.Azure.CreateUIDef",
   "version":"0.1.2-preview",
   "parameters":{
      "basics":[
         
      ],
      "steps":[
         {
            "name":"storageConfigBlade",
            "label":"Storage account settings",
            "bladeTitle":"Storage account settings",
            "elements":[
               {
                  "name":"storageAccount",
                  "type":"Microsoft.Storage.MultiStorageAccountCombo",
                  "label":{
                     "prefix":"Storage account prefix",
                     "type":"Storage account type"
                  },
                  "toolTip":{
                     "prefix":"The prefix of the storage account",
                     "type":"The type of storage account"
                  },
                  "defaultValue":{
                     "type":"Standard_LRS"
                  },
                  "constraints":{
                     "allowedTypes":[
                        "Premium_LRS",
                        "Standard_LRS",
                        "Standard_GRS"
                     ]
                  },
                  "count":2
               }
            ]
         },
         {
            "name":"vmBlade",
            "bladeTitle":"Virtual Machine",
            "label":"Virtual Machine",
            "elements":[
               {
                  "name":"vmName",
                  "type":"Microsoft.Common.TextBox",
                  "label":"Machine name",
                  "placeholder":"Virtual machine name",
                  "defaultValue":"",
                  "toolTip":"Use only allowed characters",
                  "constraints":{
                     "required":true,
                     "regex":"^[a-z0-9A-Z]{5,15}$",
                     "validationMessage":"Only alphanumeric characters are allowed, and the value must be 5-15 characters long."
                  },
                  "visible":true
               },
               {
                  "name":"adminUsername",
                  "type":"Microsoft.Compute.UserNameTextBox",
                  "label":"Admin Username",
                  "toolTip":"The username of the admin user for the VM",
                  "constraints":{
                     "required":true,
                     "regex":"^[a-z0-9A-Z]{1,30}$",
                     "validationMessage":"Only alphanumeric characters are allowed, and the value must be 1-30 characters long."
                  },
                  "osPlatform":"Linux",
                  "visible":true
               },
               {
                  "name":"adminPassword",
                  "type":"Microsoft.Common.PasswordBox",
                  "label":{
                     "password":"Password",
                     "confirmPassword":"Confirm password"
                  },
                  "toolTip":"Password for the VM",
                  "constraints":{
                     "required":true,
                     "regex":"^[a-zA-Z0-9]{6,72}$",
                     "validationMessage":"Only numbers, lowercase characters, uppercase characters are allowed, and the value must be 6-72 characters long."
                  },
                  "options":{
                     "hideConfirmation":false
                  },
                  "visible":true
               },
               {
                  "name":"vmSize",
                  "type":"Microsoft.Compute.SizeSelector",
                  "label":"Virtual machine size",
                  "toolTip":"Choose the size of virtual machine to create",
                  "recommendedSizes":[
                     "Standard_D2s_v3"
                  ],
                  "options":{
                     "hideDiskTypeFilter":false
                  },
                  "osPlatform":"Linux",
                  "visible":true
               }
           ]
         }
      ],
      "outputs":{
         "adminPassword":"[steps('vmBlade').adminPassword]",
         "adminUsername":"[steps('vmBlade').adminUsername]",
         "vmSize":"[steps('vmBlade').vmSize]",
         "location":"[location()]",
         "storageAccountName":"[steps('storageConfigBlade').storageAccount.prefix]"
      }
   }
}